name,gb,gddr,price,link
Zotac Gaming Geforce RTX 3060 Ti Twin Edge OC LHR 8GB GDDR6,8,GDDR6,579.89,https://www.pccomponentes.com/zotac-gaming-geforce-rtx-3060-ti-twin-edge-oc-lhr-8gb-gddr6
Sapphire PULSE AMD Radeon RX 6600 8GB GDDR6,8,GDDR6,409.9,https://www.pccomponentes.com/sapphire-pulse-amd-radeon-rx-6600-8gb-gddr6
Zotac Gaming GeForce RTX 3060 Twin Edge OC 12GB GDDR6,12,GDDR6,479.9,https://www.pccomponentes.com/zotac-gaming-geforce-rtx-3060-twin-edge-oc-12gb-gddr6
MSI GeForce RTX 3060 VENTUS 2X OC 12GB GDDR6,12,GDDR6,489.89,https://www.pccomponentes.com/msi-geforce-rtx-3060-ventus-2x-oc-12gb-gddr6
Gigabyte GeForce RTX 3060 GAMING OC 12GB GDDR6 Rev 2.0,12,GDDR6,543.52,https://www.pccomponentes.com/gigabyte-geforce-rtx-3060-gaming-oc-12gb-gddr6-rev-20
Zotac Gaming GeForce RTX 2060 6GB GDDR6,6,GDDR6,399.89,https://www.pccomponentes.com/zotac-gaming-geforce-rtx-2060-6gb-gddr6
Zotac Gaming GeForce RTX 3070 Ti Trinity OC 8GB GDDR6X,8,GDDR6X,848.75,https://www.pccomponentes.com/zotac-gaming-geforce-rtx-3070-ti-trinity-oc-8gb-gddr6x
Gigabyte GeForce RTX 3070 Ti GAMING OC 8GB GDDR6X,8,GDDR6X,859.9,https://www.pccomponentes.com/gigabyte-geforce-rtx-3070-ti-gaming-oc-8gb-gddr6x
Gigabyte GeForce RTX 3050 GAMING OC 8GB GDDR6,8,GDDR6,429.95,https://www.pccomponentes.com/gigabyte-geforce-rtx-3050-gaming-oc-8gb-gddr6
Gigabyte GeForce RTX 3060 Ti Gaming OC LHR 8GB GDDR6,8,GDDR6,689.39,https://www.pccomponentes.com/gigabyte-geforce-rtx-3060-ti-gaming-oc-lhr-8gb-gddr6
MSI GeForce GTX 1650 D6 VENTUS XS OC 4GB GDDR6,4,GDDR6,276.41,https://www.pccomponentes.com/msi-geforce-gtx-1650-d6-ventus-xs-oc-4gb-gddr6
Gigabyte GeForce RTX 3050 EAGLE OC 8GB GDDR6,8,GDDR6,437.81,https://www.pccomponentes.com/gigabyte-geforce-rtx-3050-eagle-oc-8gb-gddr6
Asus Dual RTX 3060 Ti OC Edition V2 LHR 8GB GDDR6,8,GDDR6,629.95,https://www.pccomponentes.com/asus-dual-rtx-3060-ti-oc-edition-v2-lhr-8gb-gddr6
MSI GeForce RTX 3070 Ti VENTUS 3X OC 8GB GDDR6X,8,GDDR6X,889.96,https://www.pccomponentes.com/msi-geforce-rtx-3070-ti-ventus-3x-oc-8gb-gddr6x
MSI AMD Radeon RX 6500 XT MECH 2X OC 4GB GDDR6,4,GDDR6,234.21,https://www.pccomponentes.com/msi-amd-radeon-rx-6500-xt-mech-2x-oc-4gb-gddr6
Gigabyte GeForce RTX 3060 EAGLE OC 12GB LHR GDDR6 Rev 2.0,12,GDDR6,519.95,https://www.pccomponentes.com/gigabyte-geforce-rtx-3060-eagle-oc-12gb-lhr-gddr6-rev-20
Asus Dual GeForce RTX 3060 OC Edition V2 12GB GDDR6,12,GDDR6,499.95,https://www.pccomponentes.com/asus-dual-geforce-rtx-3060-oc-edition-v2-12gb-gddr6
MSI GeForce RTX 3060 GAMING X 12GB GDDR6,12,GDDR6,549.95,https://www.pccomponentes.com/msi-geforce-rtx-3060-gaming-x-12gb-gddr6
MSI GeForce GTX 1660 SUPER Ventus XS OC 6GB GDDR6,6,GDDR6,354.91,https://www.pccomponentes.com/msi-geforce-gtx-1660-super-ventus-xs-oc-6gb-gddr6
Gigabyte GeForce RTX 3070 GAMING OC LHR V2 8GB GDDR6,8,GDDR6,821.22,https://www.pccomponentes.com/gigabyte-geforce-rtx-3070-gaming-oc-lhr-v2-8gb-gddr6
Asus TUF Gaming GeForce RTX 3060 OC V2 12GB GDDR6,12,GDDR6,573.53,https://www.pccomponentes.com/asus-tuf-gaming-geforce-rtx-3060-oc-v2-12gb-gddr6
EVGA GeForce GTX 1650 SC ULTRA GAMING 4GB GDDR5,4,GDDR5,262.13,https://www.pccomponentes.com/evga-geforce-gtx-1650-sc-ultra-gaming-4gb-gddr5
Asus GeForce RTX 2060 Dual OC EVO Edition 6GB GDDR6,6,GDDR6,429.9,https://www.pccomponentes.com/asus-geforce-rtx-2060-dual-oc-evo-edition-6gb-gddr6
Asus TUF Gaming GeForce RTX 3060 TI OC Edition V2 LHR 8GB GDDR6,8,GDDR6,671.51,https://www.pccomponentes.com/asus-tuf-gaming-geforce-rtx-3060-ti-oc-edition-v2-lhr-8gb-gddr6
Asus Dual GeForce RTX 3050 OC Edition 8GB GDDR6,8,GDDR6,419.89,https://www.pccomponentes.com/asus-dual-geforce-rtx-3050-oc-edition-8gb-gddr6
MSI GeForce RTX 3080 VENTUS 3X PLUS OC LHR 10GB GDDR6,10,GDDR6,1041.98,https://www.pccomponentes.com/msi-geforce-rtx-3080-ventus-3x-plus-oc-lhr-10gb-gddr6
Zotac Gaming GeForce RTX 3050 Twin Edge OC 8GB GDDR6,8,GDDR6,375.78,https://www.pccomponentes.com/zotac-gaming-geforce-rtx-3050-twin-edge-oc-8gb-gddr6
MSI GeForce GT 730 Low Profile 2GB GDDR3,2,GDDR3,75.89,https://www.pccomponentes.com/msi-geforce-gt-730-low-profile-2gb-gddr3
EVGA GeForce RTX 3060 XC GAMING 12GB GDDR6,12,GDDR6,573.09,https://www.pccomponentes.com/evga-geforce-rtx-3060-xc-gaming-12gb-gddr6
Sapphire NITRO+ AMD RADEON RX 6600 XT GAMING OC 8GB GDDR6,8,GDDR6,519.9,https://www.pccomponentes.com/sapphire-nitro-amd-radeon-rx-6600-xt-gaming-oc-8gb-gddr6
Sapphire Pulse AMD Radeon RX 6500XT GAMING OC 4GB GDDR6,4,GDDR6,249.9,https://www.pccomponentes.com/sapphire-pulse-amd-radeon-rx-6500xt-gaming-oc-4gb-gddr6
Gigabyte GeForce GTX 1050Ti D5 4GB GDDR5,4,GDDR5,231.94,https://www.pccomponentes.com/gigabyte-geforce-gtx-1050ti-d5-4gb-gddr5
Asus TUF Gaming GeForce RTX 3080 V2 OC Edition LHR 10GB GDDR6X,10,GDDR6X,1181.35,https://www.pccomponentes.com/asus-tuf-gaming-geforce-rtx-3080-v2-oc-edition-lhr-10gb-gddr6x
Gigabyte GeForce RTX 3060 Ti EAGLE OC 8GB GDDR6 Rev 2.0,8,GDDR6,599.95,https://www.pccomponentes.com/gigabyte-geforce-rtx-3060-ti-eagle-oc-8gb-gddr6-rev-20
Asus ROG Strix GeForce RTX 3060 V2 OC Edition 12GB GDDR6,12,GDDR6,599.91,https://www.pccomponentes.com/asus-rog-strix-geforce-rtx-3060-v2-oc-edition-12gb-gddr6
Gigabyte GeForce RTX 3060 Ti GAMING OC PRO 8 GB GDDR6 Rev 3.0,8,GDDR6,684.3,https://www.pccomponentes.com/gigabyte-geforce-rtx-3060-ti-gaming-oc-pro-8-gb-gddr6-rev-30
EVGA GeForce RTX 2060 SC OVERCLOCKED 6GB GDDR6,6,GDDR6,480.74,https://www.pccomponentes.com/evga-geforce-rtx-2060-sc-overclocked-6gb-gddr6
Asus Phoenix GeForce RTX 3060 V2 12GB GDDR6,12,GDDR6,546.71,https://www.pccomponentes.com/asus-phoenix-geforce-rtx-3060-v2-12gb-gddr6
MSI GeForce RTX 3050 VENTUS 2X OC 8GB GDDR6,8,GDDR6,399.28,https://www.pccomponentes.com/msi-geforce-rtx-3050-ventus-2x-oc-8gb-gddr6
Gigabyte GeForce RTX 3050 EAGLE 8GB GDDR6,8,GDDR6,508.27,https://www.pccomponentes.com/gigabyte-geforce-rtx-3050-eagle-8gb-gddr6
EVGA GeForce RTX 3070 Ti FTW3 ULTRA GAMING 8GB GDDR6X,8,GDDR6X,899.89,https://www.pccomponentes.com/evga-geforce-rtx-3070-ti-ftw3-ultra-gaming-8gb-gddr6x
Gigabyte GeForce GTX 1650 OC 4GB GDDR5,4,GDDR5,254.14,https://www.pccomponentes.com/gigabyte-geforce-gtx-1650-oc-4gb-gddr5
Asus TUF Gaming GeForce GTX 1660 Ti EVO OC Edition 6GB GDDR6,6,GDDR6,403.9,https://www.pccomponentes.com/asus-tuf-gaming-geforce-gtx-1660-ti-evo-oc-edition-6gb-gddr6
MSI GeForce RTX 3070 Ti GAMING X TRIO 8GB GDDR6X,8,GDDR6X,984.17,https://www.pccomponentes.com/msi-geforce-rtx-3070-ti-gaming-x-trio-8gb-gddr6x
EVGA GeForce RTX 3080 FTW3 ULTRA GAMING LHR 10GB GDDR6X,10,GDDR6X,1205.99,https://www.pccomponentes.com/evga-geforce-rtx-3080-ftw3-ultra-gaming-lhr-10gb-gddr6x
Zotac Gaming GeForce RTX 3080 Trinity LHR 10GB GDDR6X,10,GDDR6X,959.91,https://www.pccomponentes.com/zotac-gaming-geforce-rtx-3080-trinity-lhr-10gb-gddr6x
Gigabyte GeForce RTX 3070 Ti VISION OC 8GB GDDR6,8,GDDR6,859.9,https://www.pccomponentes.com/gigabyte-geforce-rtx-3070-ti-vision-oc-8gb-gddr6
Asus TUF Gaming GeForce GTX 1650 OC Edition 4 GB GDDR6,4,GDDR6,235.08,https://www.pccomponentes.com/asus-tuf-gaming-geforce-gtx-1650-oc-edition-4-gb-gddr6
Zotac Gaming Geforce RTX 3080 TRINITY OC LHR 10GB GDDR6X,10,GDDR6X,979.89,https://www.pccomponentes.com/zotac-gaming-geforce-rtx-3080-trinity-oc-lhr-10gb-gddr6x
Sapphire Pulse AMD Radeon RX 6700 XT 12GB GDDR6,12,GDDR6,699.9,https://www.pccomponentes.com/sapphire-pulse-amd-radeon-rx-6700-xt-12gb-gddr6
MSI RTX 3060 TI VENTUS 2X OC V1 LHR 8GB GDDR6,8,GDDR6,614.98,https://www.pccomponentes.com/msi-rtx-3060-ti-ventus-2x-oc-v1-lhr-8gb-gddr6
MSI GeForce RTX 3080 GAMING Z TRIO LHR 12GB GDDR6X,12,GDDR6X,1369.9,https://www.pccomponentes.com/msi-geforce-rtx-3080-gaming-z-trio-lhr-12gb-gddr6x
PNY GeForce RTX 3070 Ti XLR8 Gaming REVEL Edition 8GB GDDR6X,8,GDDR6X,854.64,https://www.pccomponentes.com/pny-geforce-rtx-3070-ti-xlr8-gaming-revel-edition-8gb-gddr6x
XFX Speedster SWFT 210 AMD Radeon RX 6600 XT 8GB GDDR6,8,GDDR6,488.89,https://www.pccomponentes.com/xfx-speedster-swft-210-amd-radeon-rx-6600-xt-8gb-gddr6
AMD Radeon RX 6600 XT Challenger D OC 8GB GDDR6,8,GDDR6,513.34,https://www.pccomponentes.com/amd-radeon-rx-6600-xt-challenger-d-oc-8gb-gddr6
MSI GeForce RTX 3050 GAMING X 8GB GDDR6,8,GDDR6,424.08,https://www.pccomponentes.com/msi-geforce-rtx-3050-gaming-x-8gb-gddr6
Asus Dual GeForce RTX 2060 EVO OC Edition 12GB GDDR6,12,GDDR6,519.01,https://www.pccomponentes.com/asus-dual-geforce-rtx-2060-evo-oc-edition-12gb-gddr6
Gigabyte GeForce RTX 2060 D6 6GB GDDR6 Rev 2.0,6,GDDR6,454.9,https://www.pccomponentes.com/gigabyte-geforce-rtx-2060-d6-6gb-gddr6-rev-20
Zotac GAMING GeForce GTX 1650 OC 4GB GDDR6,4,GDDR6,241.35,https://www.pccomponentes.com/zotac-gaming-geforce-gtx-1650-oc-4gb-gddr6
Asus GeForce GTX 1660 SUPER OC Dual 6GB GDDR6,6,GDDR6,379.9,https://www.pccomponentes.com/asus-geforce-gtx-1660-super-oc-dual-6gb-gddr6
XFX Speedster QICK 308 AMD Radeon RX 6600 XT Black 8GB GDDR6,8,GDDR6,517.59,https://www.pccomponentes.com/xfx-speedster-qick-308-amd-radeon-rx-6600-xt-black-8gb-gddr6
Gigabyte GeForce RTX 2060 WINDFORCE OC 12GB GDDR6,12,GDDR6,509.89,https://www.pccomponentes.com/gigabyte-geforce-rtx-2060-windforce-oc-12gb-gddr6
Asus ROG Strix GeForce RTX 3060 Ti V2 OC Edition LHR 8GB GDDR6,8,GDDR6,904.98,https://www.pccomponentes.com/asus-rog-strix-geforce-rtx-3060-ti-v2-oc-edition-lhr-8gb-gddr6
MSI RTX 3080 Ti GAMING X TRIO 12GB GDDR6X,12,GDDR6X,1678.14,https://www.pccomponentes.com/msi-rtx-3080-ti-gaming-x-trio-12gb-gddr6x
PNY GeForce RTX 3080 XLR8 Gaming REVEL EPIC-X RGB Triple Fan LHR 10GB GDDR6X,10,GDDR6X,1517.53,https://www.pccomponentes.com/pny-geforce-rtx-3080-xlr8-gaming-revel-epic-x-rgb-triple-fan-lhr-10gb-gddr6x
Gigabyte GeForce GTX 1660 SUPER OC 6GB GDDR6,6,GDDR6,424.73,https://www.pccomponentes.com/gigabyte-geforce-gtx-1660-super-oc-6gb-gddr6
Gigabyte GeForce RTX 3080 GAMING OC V2 LHR 10GB GDDR6X,10,GDDR6X,1291.49,https://www.pccomponentes.com/gigabyte-geforce-rtx-3080-gaming-oc-v2-lhr-10gb-gddr6x
XFX SPEEDSTER SWFT 210 AMD RADEON RX 6600 8GB GDDR6,8,GDDR6,403.34,https://www.pccomponentes.com/xfx-speedster-swft-210-amd-radeon-rx-6600-8gb-gddr6
Gigabyte GeForce GTX 1660 OC 6GB GDDR5,6,GDDR5,364.4,https://www.pccomponentes.com/gigabyte-geforce-gtx-1660-oc-6gb-gddr5
Asus GeForce GTX 1050 Ti 4GB GDDR5,4,GDDR5,229.98,https://www.pccomponentes.com/asus-geforce-gtx-1050-tis-4gb-gddr5
Gigabyte AORUS GeForce RTX 3060 ELITE REV 2.0 12GB GDDR6,12,GDDR6,644.14,https://www.pccomponentes.com/gigabyte-aorus-geforce-rtx-3060-elite-rev-20-12gb-gddr6
Gigabyte AORUS GeForce RTX 3060 ELITE REV 2.0 12GB GDDR6,12,GDDR6,635.62,https://www.pccomponentes.com/gigabyte-aorus-geforce-rtx-3060-elite-rev-20-12gb-gddr6
Asus TUF Gaming GeForce GTX 1650 4GB GDDR6,4,GDDR6,229.9,https://www.pccomponentes.com/asus-tuf-gaming-geforce-gtx-1650-4gb-gddr6
Gigabyte GeForce RTX 3080 VISION OC 10GB GDDR6X Rev 2.0,10,GDDR6X,1128.7,https://www.pccomponentes.com/gigabyte-geforce-rtx-3080-vision-oc-10gb-gddr6x-rev-20
Asus GeForce RTX 3060 Ti V2 Dual MINI LHR 8GB GDDR6,8,GDDR6,621.34,https://www.pccomponentes.com/asus-geforce-rtx-3060-ti-v2-dual-mini-lhr-8gb-gddr6
MSI GeForce RTX 3080 Ti VENTUS 3X OC 12GB GDDR6X,12,GDDR6X,1726.56,https://www.pccomponentes.com/msi-geforce-rtx-3080-ti-ventus-3x-oc-12gb-gddr6x
Gigabyte GeForce GT 1030 OC 2G GDDR5,2,GDDR5,121.91,https://www.pccomponentes.com/gigabyte-geforce-gt-1030-oc-2g-gddr5
ASUS Cerberus GeForce GTX 1050 Ti OC Edition 4GB GDDR5,4,GDDR5,209.12,https://www.pccomponentes.com/asus-cerberus-geforce-gtx-1050-ti-oc-edition-4gb-gddr5
Asus GeForce GTX 1650 Dual 4GB OC GDDR5,4,GDDR5,256.31,https://www.pccomponentes.com/asus-geforce-gtx-1650-dual-4gb-oc-gddr5
Zotac Gaming GeForce RTX 3070 Ti Trinity 8GB GDDR6X,8,GDDR6X,779.91,https://www.pccomponentes.com/zotac-gaming-geforce-rtx-3070-ti-trinity-8gb-gddr6x
MSI GeForce RTX 3090 VENTUS 3X OC 24GB GDDR6X,24,GDDR6X,2079.94,https://www.pccomponentes.com/msi-geforce-rtx-3090-ventus-3x-oc-24gb-gddr6x
Gigabyte AORUS GeForce GTX 1650 D6 WINDFORCE OC 4GB GDDR6,4,GDDR6,306.96,https://www.pccomponentes.com/gigabyte-aorus-geforce-gtx-1650-d6-windforce-oc-4gb-gddr6
Biostar GeForce 210 1GB DDR3 Low Profile,1,DDR3,58.83,https://www.pccomponentes.com/biostar-geforce-210-1gb-ddr3-low-profile
Asus ROG Strix GeForce RTX 3070 V2 OC Edition LHR 8GB GDDR6,8,GDDR6,859.95,https://www.pccomponentes.com/asus-rog-strix-geforce-rtx-3070-v2-oc-edition-lhr-8gb-gddr6
EVGA GeForce RTX 3050 XC GAMING 8GB GDDR6,8,GDDR6,374.75,https://www.pccomponentes.com/evga-geforce-rtx-3050-xc-gaming-8gb-gddr6
Asus GeForce GTX 1650 Dual 4GB GDDR5,4,GDDR5,241.92,https://www.pccomponentes.com/asus-geforce-gtx-1650-dual-4gb-gddr5
Gigabyte GeForce RTX 3080 Gaming OC 10G 10GB GDDR6X,10,GDDR6X,1099.9,https://www.pccomponentes.com/gigabyte-geforce-rtx-3080-gaming-oc-10g-10gb-gddr6x
MSI GeForce GTX 1050 Ti AERO ITX OC 4GB GDDR5,4,GDDR5,239.89,https://www.pccomponentes.com/msi-geforce-gtx-1050-ti-aero-itx-oc-4gb-gddr5
Asus TUF Gaming GeForce RTX 3060 Ti V2 LHR 8GB GDDR6,8,GDDR6,899.9,https://www.pccomponentes.com/asus-tuf-gaming-geforce-rtx-3060-ti-v2-lhr-8gb-gddr6
XFX Speedster QICK 210 AMD Radeon RX 6500 XT 4GB GDDR6,4,GDDR6,232.22,https://www.pccomponentes.com/xfx-speedster-qick-210-amd-radeon-rx-6500-xt-4gb-gddr6
MSI GeForce RTX 2060 VENTUS OC 12GB GDDR6,12,GDDR6,479.95,https://www.pccomponentes.com/msi-geforce-rtx-2060-ventus-oc-12gb-gddr6
Asus Phoenix Radeon RX 550 4GB GDDR5,4,GDDR5,150.91,https://www.pccomponentes.com/asus-phoenix-radeon-rx-550-4gb-gddr5
PNY NVIDIA T400 2GB GDDR6,2,GDDR6,131.04,https://www.pccomponentes.com/pny-nvidia-t400-2gb-gddr6
Zotac Gaming Geforce RTX 3070 Twin Edge OC LHR 8GB GDDR6,8,GDDR6,755.06,https://www.pccomponentes.com/zotac-gaming-geforce-rtx-3070-twin-edge-oc-lhr-8gb-gddr6
Asus TUF Gaming GeForce GTX 1650 OC Edition 4GB GDDR6,4,GDDR6,254.31,https://www.pccomponentes.com/asus-tuf-gaming-geforce-gtx-1650-oc-edition-4gb-gddr6
PowerColor FIGHTER AMD Radeon RX 6600 8GB GDDR6,8,GDDR6,506.46,https://www.pccomponentes.com/powercolor-fighter-amd-radeon-rx-6600-8gb-gddr6
MSI GeForce RTX 3090 GAMING X TRIO 24GB GDDR6X,24,GDDR6X,2526.12,https://www.pccomponentes.com/msi-geforce-rtx-3090-gaming-x-trio-24gb-gddr6x
Gigabyte GeForce GT 730 2GB GDDR5,2,GDDR5,89.22,https://www.pccomponentes.com/gigabyte-geforce-gt-730-2gb-gddr5
Gigabyte GeForce RTX 3080 Ti GAMING OC 12GB GDDR6X,12,GDDR6X,1675.47,https://www.pccomponentes.com/gigabyte-geforce-rtx-3080-ti-gaming-oc-12gb-gddr6x
Asus TUF Gaming GeForce GTX 1650 4 GB GDDR6,4,GDDR6,250.91,https://www.pccomponentes.com/asus-tuf-gaming-geforce-gtx-1650-4-gb-gddr6
MSI GT 1030 2GHD4 LP OC 2GB DDR4,2,DDR4,113.41,https://www.pccomponentes.com/msi-gt-1030-2ghd4-lp-oc-2gb-ddr4
Asus GeForce GTX 1660 Phoenix SUPER OC 6GB GDDR6,6,GDDR6,349.16,https://www.pccomponentes.com/asus-geforce-gtx-1660-phoenix-super-oc-6gb-gddr6
Biostar VN6103THX6 GeForce GT610 2GB DDR3,2,DDR3,66.8,https://www.pccomponentes.com/biostar-vn6103thx6-geforce-gt610-2gb-ddr3
Gigabyte GeForce RTX 3090 Gaming OC 24G 24GB GDDR6X,24,GDDR6X,2701.6,https://www.pccomponentes.com/gigabyte-geforce-rtx-3090-gaming-oc-24g-24gb-gddr6x
MSI AMD Radeon RX 6600 MECH 2X 8GB GDDR6,8,GDDR6,418.06,https://www.pccomponentes.com/msi-amd-radeon-rx-6600-mech-2x-8gb-gddr6
Gigabyte GeForce RTX 3080 EAGLE OC LHR 10GB GDDR6X V2,10,GDDR6X,1321.58,https://www.pccomponentes.com/gigabyte-geforce-rtx-3080-eagle-oc-lhr-10gb-gddr6x-v2
MSI AMD Radeon RX 6600 XT GAMING X 8GB GDDR6,8,GDDR6,547.59,https://www.pccomponentes.com/msi-amd-radeon-rx-6600-xt-gaming-x-8gb-gddr6
Asus TUF Gaming GeForce GTX 1660 SUPER OC Edition 6GB GDDR6,6,GDDR6,469.55,https://www.pccomponentes.com/asus-tuf-gaming-geforce-gtx-1660-super-oc-edition-6gb-gddr6
Asus Phoenix GeForce GTX 1650 OC 4GB GDDR6,4,GDDR6,238.4,https://www.pccomponentes.com/asus-phoenix-geforce-gtx-1650-oc-4gb-gddr6
Asus TUF Gaming GeForce RTX 3070 Ti OC Edition 8GB GDDR6X,8,GDDR6X,900.49,https://www.pccomponentes.com/asus-tuf-gaming-geforce-rtx-3070-ti-oc-edition-8gb-gddr6x
MSI GeForce RTX 2060 VENTUS GP OC 6GB GDDR6,6,GDDR6,449.88,https://www.pccomponentes.com/msi-geforce-rtx-2060-ventus-gp-oc-6gb-gddr6
Zotac GAMING GeForce RTX 3050 AMP 8GB GDDR6,8,GDDR6,399.91,https://www.pccomponentes.com/zotac-gaming-geforce-rtx-3050-amp-8gb-gddr6
MSI GeForce RTX 3080 VENTUS 3X PLUS OC LHR 12GB GDDR6X,12,GDDR6X,1307.68,https://www.pccomponentes.com/msi-geforce-rtx-3080-ventus-3x-plus-oc-lhr-12gb-gddr6x
EVGA GeForce GTX 1660 SC Ultra Gaming 6GB GDDR5,6,GDDR5,380.85,https://www.pccomponentes.com/evga-geforce-gtx-1660-sc-ultra-gaming-6gb-gddr5
Zotac Gaming GeForce RTX 2060 12GB GDDR6,12,GDDR6,628.99,https://www.pccomponentes.com/zotac-gaming-geforce-rtx-2060-12gb-gddr6
PNY GeForce RTX 3050 XLR8 Gaming REVEL EPIC-X RGB Dual Fan Edition 8GB GDDR6,8,GDDR6,616.26,https://www.pccomponentes.com/pny-geforce-rtx-3050-xlr8-gaming-revel-epic-x-rgb-dual-fan-edition-8gb-gddr6
MSI AMD Radeon RX 6600 XT MECH 2X OC 8GB GDDR6,8,GDDR6,523.29,https://www.pccomponentes.com/msi-amd-radeon-rx-6600-xt-mech-2x-oc-8gb-gddr6
Gigabyte GeForce GT 1030 Low Profile D4 2GB GDDR4,2,GDDR4,113.61,https://www.pccomponentes.com/gigabyte-geforce-gt-1030-low-profile-d4-2gb-gddr4
Sapphire NITRO+ AMD Radeon RX 6700 XT GAMING OC 12GB GDDR6,12,GDDR6,793.4,https://www.pccomponentes.com/sapphire-nitro-amd-radeon-rx-6700-xt-gaming-oc-12gb-gddr6
Gigabyte GeForce GTX 1650 OC Low Profile 4GB GDDR5,4,GDDR5,250.15,https://www.pccomponentes.com/gigabyte-geforce-gtx-1650-oc-low-profile-4gb-gddr5
MSI GeForce RTX 3070 Ti SUPRIM X 8GB GDDR6X,8,GDDR6X,1158.82,https://www.pccomponentes.com/msi-geforce-rtx-3070-ti-suprim-x-8gb-gddr6x
Gigabyte GeForce RTX 3060 Ti VISION OC 8GB GDDR6 Rev 2.0,8,GDDR6,764.35,https://www.pccomponentes.com/gigabyte-geforce-rtx-3060-ti-vision-oc-8gb-gddr6-rev-20
Gigabyte AORUS GeForce GTX 1650 D6 OC 4GB GDDR6 Rev 2,4,GDDR6,264.61,https://www.pccomponentes.com/gigabyte-aorus-geforce-gtx-1650-d6-oc-4gb-gddr6-rev-2
Asus GeForce RTX 3060 Ti Dual V2 LHR 8GB GDDR6,8,GDDR6,666.46,https://www.pccomponentes.com/asus-geforce-rtx-3060-ti-dual-v2-lhr-8gb-gddr6
Biostar Radeon RX 550 Gaming 4GB GDDR5,4,GDDR5,176.28,https://www.pccomponentes.com/biostar-radeon-rx-550-gaming-4gb-gddr5
PowerColor HELLHOUND AMD Radeon RX 6600 8GB GDDR6,8,GDDR6,473.58,https://www.pccomponentes.com/powercolor-hellhound-amd-radeon-rx-6600-8gb-gddr6
MSI GT 1030 AERO ITX 2GD4 OC 2GB DDR4,2,DDR4,123.45,https://www.pccomponentes.com/msi-gt-1030-aero-itx-2gd4-oc-2gb-ddr4
Gigabyte GeForce GT 1030 2GB GDDR5 LP,2,GDDR5,120.93,https://www.pccomponentes.com/gigabyte-geforce-gt-1030-2gb-gddr5-lp
Gigabyte GeForce RTX 3080 GAMING OC 12GB GDDR6,12,GDDR6,1364.81,https://www.pccomponentes.com/gigabyte-geforce-rtx-3080-gaming-oc-12gb-gddr6
XFX SPEEDSTER QICK 319 AMD Radeon RX 6700 XT BLACK 12GB GDDR6,12,GDDR6,721.6,https://www.pccomponentes.com/xfx-speedster-qick-319-amd-radeon-rx-6700-xt-black-12gb-gddr6
Zotac Gaming GeForce RTX 3060 AMP White Edition 12GB GDDR6,12,GDDR6,634.83,https://www.pccomponentes.com/zotac-gaming-geforce-rtx-3060-amp-white-edition-12gb-gddr6
Asus GeForce GT 710 2 GB GDDR5,2,GDDR5,99.47,https://www.pccomponentes.com/asus-geforce-gt-710-2-gb-gddr5
Gigabyte GeForce RTX 3070 Ti GAMING OC 8GB GDDR6X Reacondicionado,8,GDDR6X,799.99,https://www.pccomponentes.com/gigabyte-geforce-rtx-3070-ti-gaming-oc-8gb-gddr6x-reacondicionado
Asus DUAL GeForce RTX 3060 Ti V2 MINI OC Edition LHR 8GB GDDR6,8,GDDR6,609.43,https://www.pccomponentes.com/asus-dual-geforce-rtx-3060-ti-v2-mini-oc-edition-lhr-8gb-gddr6
Zotac Gaming GeForce RTX 3060 Ti AMP White Edition LHR 8GB GDDR6,8,GDDR6,848.0,https://www.pccomponentes.com/zotac-gaming-geforce-rtx-3060-ti-amp-white-edition-lhr-8gb-gddr6
Asus TUF GeForce RTX 3090 Gaming OC 24GB GDDR6X,24,GDDR6X,2449.81,https://www.pccomponentes.com/asus-tuf-geforce-rtx-3090-gaming-oc-24gb-gddr6x
Asus ROG Strix GeForce RTX 3050 OC Edition 8GB GDDR6,8,GDDR6,620.52,https://www.pccomponentes.com/asus-rog-strix-geforce-rtx-3050-oc-edition-8gb-gddr6
MSI GeForce RTX 3060 VENTUS 3X OC 12GB GDDR6,12,GDDR6,569.61,https://www.pccomponentes.com/msi-geforce-rtx-3060-ventus-3x-oc-12gb-gddr6
XFX SPEEDSTER SWFT309 AMD Radeon RX 6700XT CORE Gaming 12GB GDDR6,12,GDDR6,696.67,https://www.pccomponentes.com/xfx-speedster-swft309-amd-radeon-rx-6700xt-core-gaming-12gb-gddr6
Asus Phoenix GeForce RTX 3050 8GB GDDR6,8,GDDR6,411.12,https://www.pccomponentes.com/asus-phoenix-geforce-rtx-3050-8gb-gddr6
PowerColor AMD Radeon RX 6800XT Red Devil 16GB GDDR6,16,GDDR6,1178.72,https://www.pccomponentes.com/powercolor-amd-radeon-rx-6800xt-red-devil-16gb-gddr6
Asus TUF Gaming GeForce GTX 1660 Ti EVO OC Edition 6GB GDDR6 Reacondicionado,6,GDDR6,401.65,https://www.pccomponentes.com/asus-tuf-gaming-geforce-gtx-1660-ti-evo-oc-edition-6gb-gddr6-reacondicionado
EVGA GeForce RTX 3080 FTW3 ULTRA GAMING 12GB GDDR6X Reacondicionado,12,GDDR6X,1342.1,https://www.pccomponentes.com/evga-geforce-rtx-3080-ftw3-ultra-gaming-12gb-gddr6x-reacondicionado
Zotac Gaming GeForce RTX 3090 Trinity OC 24GB GDDR6X,24,GDDR6X,2280.92,https://www.pccomponentes.com/zotac-gaming-geforce-rtx-3090-trinity-oc-24gb-gddr6x
Gigabyte GeForce RTX 3080 EAGLE 12GB GDDR6,12,GDDR6,1430.06,https://www.pccomponentes.com/gigabyte-geforce-rtx-3080-eagle-12gb-gddr6
Zotac Gaming Geforce RTX 3080 TRINITY LHR 12GB GDDR6X Reacondicionado,12,GDDR6X,1282.55,https://www.pccomponentes.com/zotac-gaming-geforce-rtx-3080-trinity-lhr-12gb-gddr6x-reacondicionado
Gigabyte GeForce RTX 3060 GAMING OC 12GB GDDR6,12,GDDR6,576.38,https://www.pccomponentes.com/gigabyte-geforce-rtx-3060-gaming-oc-12gb-gddr6
Zotac Gaming Geforce RTX 3080 AMP EXTREME HOLO LHR 12GB GDDR6X Reacondicionado,12,GDDR6X,1422.25,https://www.pccomponentes.com/zotac-gaming-geforce-rtx-3080-amp-extreme-holo-lhr-12gb-gddr6x-reacondicionado
MSI GeForce RTX 3080 VENTUS 3X PLUS OC LHR 12GB GDDR6X Reacondicionado,12,GDDR6X,1269.6,https://www.pccomponentes.com/msi-geforce-rtx-3080-ventus-3x-plus-oc-lhr-12gb-gddr6x-reacondicionado
Zotac Gaming Geforce RTX 3080 AMP HOLO LHR 12GB GDDR6X Reacondicionado,12,GDDR6X,1372.0,https://www.pccomponentes.com/zotac-gaming-geforce-rtx-3080-amp-holo-lhr-12gb-gddr6x-reacondicionado
EVGA GeForce RTX 3070 Ti XC3 ULTRA GAMING LHR 8GB GDDR6X,8,GDDR6X,1085.51,https://www.pccomponentes.com/evga-geforce-rtx-3070-ti-xc3-ultra-gaming-lhr-8gb-gddr6x
MSI RTX 3080 SUPRIM X LHR 10GB GDDR6X,10,GDDR6X,1597.24,https://www.pccomponentes.com/msi-rtx-3080-suprim-x-lhr-10gb-gddr6x
PowerColor Fighter AMD Radeon RX 6500XT 4GB GDDR6,4,GDDR6,274.67,https://www.pccomponentes.com/powercolor-fighter-amd-radeon-rx-6500xt-4gb-gddr6
EVGA GeForce RTX 3070 XC3 ULTRA GAMING LHR 8GB GDDR6,8,GDDR6,978.95,https://www.pccomponentes.com/evga-geforce-rtx-3070-xc3-ultra-gaming-lhr-8gb-gddr6
Sapphire NITRO+ AMD Radeon RX 6800 XT OC SE Gaming 16GB GDDR6,16,GDDR6,1223.1,https://www.pccomponentes.com/sapphire-nitro-amd-radeon-rx-6800-xt-oc-se-gaming-16gb-gddr6
Asus TUF Gaming GeForceÂ GTX 1660 SUPER 6GB GDDR6,6,GDDR6,395.18,https://www.pccomponentes.com/asus-tuf-gaming-geforce-gtx-1660-super-6gb-gddr6
EVGA GeForce RTX 3080 FTW3 ULTRA GAMING 12GB GDDR6X,12,GDDR6X,1550.11,https://www.pccomponentes.com/evga-geforce-rtx-3080-ftw3-ultra-gaming-12gb-gddr6x
MSI GeForce RTX 3070 GAMING Z TRIO LHR 8GB GDDR6,8,GDDR6,976.89,https://www.pccomponentes.com/msi-geforce-rtx-3070-gaming-z-trio-lhr-8gb-gddr6
MSI GeForce RTX 3070 Ti VENTUS 3X OC 8GB GDDR6X Reacondicionado,8,GDDR6X,839.99,https://www.pccomponentes.com/msi-geforce-rtx-3070-ti-ventus-3x-oc-8gb-gddr6x-reacondicionado
MSI GeForce RTX 3070 VENTUS 3X OC LHR 8GB GDDR6,8,GDDR6,1002.28,https://www.pccomponentes.com/msi-geforce-rtx-3070-ventus-3x-oc-lhr-8gb-gddr6
Asus TUF Gaming GeForce RTX 3070 V2 OC Edition LHR 8GB GDDR6,8,GDDR6,1018.54,https://www.pccomponentes.com/asus-tuf-gaming-geforce-rtx-3070-v2-oc-edition-lhr-8gb-gddr6
Gigabyte GeForce RTX 3050 EAGLE OC 8GB GDDR6 Reacondicionado,8,GDDR6,393.8,https://www.pccomponentes.com/gigabyte-geforce-rtx-3050-eagle-oc-8gb-gddr6-reacondicionado
Powercolor Fighter AMD Radeon RX 6600XT 8GB GDDR6,8,GDDR6,644.24,https://www.pccomponentes.com/powercolor-fighter-amd-radeon-rx-6600xt-8gb-gddr6
Zotac Gaming GeForce RTX 3070 Ti AMP Holo 8GB GDDR6X Reacondicionado,8,GDDR6X,799.99,https://www.pccomponentes.com/zotac-gaming-geforce-rtx-3070-ti-amp-holo-8gb-gddr6x-reacondicionado
Gigabyte GeForce GT 730 2 GB GDDR3,2,GDDR3,92.87,https://www.pccomponentes.com/gigabyte-geforce-gt-730-2-gb-gddr3
Asus Dual GeForce RTX 2060 EVO 6GB GDDR6,6,GDDR6,462.84,https://www.pccomponentes.com/asus-dual-geforce-rtx-2060-evo-6gb-gddr6
Asus Dual GeForce GTX 1660 SUPER EVO 6GB GDDR6,6,GDDR6,379.18,https://www.pccomponentes.com/asus-dual-geforce-gtx-1660-super-evo-6gb-gddr6
Asus TUF Gaming GeForce RTX 3080 V2 LHR 10GB GDDR6X,10,GDDR6X,1128.1,https://www.pccomponentes.com/asus-tuf-gaming-geforce-rtx-3080-v2-lhr-10gb-gddr6x
PowerColor Red Dragon Radeon RX 550 4GB GDDR5 Low Profile Reacondicionado,4,GDDR5,157.1,https://www.pccomponentes.com/powercolor-red-dragon-radeon-rx-550-4gb-gddr5-low-profile-reacondicionado
HP Nvidia Quadro P2200 5GB GDDR5X,5,GDDR5X,984.32,https://www.pccomponentes.com/hp-nvidia-quadro-p2200-5gb-gddr5x
Asus GeForce GTX 1650 Phoenix 4GB OC GDDR5,4,GDDR5,254.89,https://www.pccomponentes.com/asus-geforce-gtx-1650-phoenix-4gb-oc-gddr5
Gigabyte AORUS GeForce RTX 3060 ELITE REV 2.0 12GB GDDR6 Reacondicionado,12,GDDR6,536.25,https://www.pccomponentes.com/gigabyte-aorus-geforce-rtx-3060-elite-rev-20-12gb-gddr6-reacondicionado
PowerColor Radeon R7 240 4GB GDDR5,4,GDDR5,103.98,https://www.pccomponentes.com/powercolor-radeon-r7-240-4gb-gddr5
Zotac Gaming Geforce RTX 3080 TRINITY OC LHR 12GB GDDR6X,12,GDDR6X,1306.34,https://www.pccomponentes.com/zotac-gaming-geforce-rtx-3080-trinity-oc-lhr-12gb-gddr6x
Asus ROG Strix GeForce RTX 3080 Ti OC Edition 12GB GDDR6X,12,GDDR6X,2044.82,https://www.pccomponentes.com/asus-rog-strix-geforce-rtx-3080-ti-oc-edition-12gb-gddr6x
Asus ROG Strix GeForce GTX 1650 Advanced Edition 4GB GDDR6,4,GDDR6,404.99,https://www.pccomponentes.com/asus-rog-strix-geforce-gtx-1650-advanced-edition-4gb-gddr6
Asus GeForce GT 1030 Silent 2GB GDDR5,2,GDDR5,138.04,https://www.pccomponentes.com/asus-geforce-gt-1030-silent-2gb-gddr5
Gainward GeForce RTX 3090 Phoenix 24GB GDDR6X,24,GDDR6X,2137.33,https://www.pccomponentes.com/gainward-geforce-rtx-3090-phoenix-24gb-gddr6x
Gigabyte AORUS GeForce RTX 3060 ELITE 12GB GDDR6,12,GDDR6,675.1,https://www.pccomponentes.com/gigabyte-aorus-geforce-rtx-3060-elite-12gb-gddr6
Gigabyte AORUS GeForce RTX 3060 Ti ELITE 8GB GDDR6 Rev 2.0,8,GDDR6,811.31,https://www.pccomponentes.com/gigabyte-aorus-geforce-rtx-3060-ti-elite-8gb-gddr6-rev-20
MSI GeForce RTX 3060 Ti VENTUS 3X OC LHR 8GB GDDR6,8,GDDR6,826.12,https://www.pccomponentes.com/msi-geforce-rtx-3060-ti-ventus-3x-oc-lhr-8gb-gddr6
PNY Nvidia Quadro RTX 4000 8GB GDDR6,8,GDDR6,1052.03,https://www.pccomponentes.com/pny-nvidia-quadro-rtx-4000-8gb-gddr6
MSI GeForce GTX 1650 Ventus XS 4GB GDDR5,4,GDDR5,253.64,https://www.pccomponentes.com/msi-geforce-gtx-1650-ventus-xs-4gb-gddr5
Asus Rog Strix RTX 3070Ti OC 8GB GDDR6X,8,GDDR6X,999.09,https://www.pccomponentes.com/asus-rog-strix-rtx-3070ti-oc-8gb-gddr6x
PNY NVIDIA Quadro P620 V2 2 GB GDDR5,2,GDDR5,230.15,https://www.pccomponentes.com/pny-nvidia-quadro-p620-v2-2-gb-gddr5
Asus ROG Strix GeForce RTX 3090 Gaming OC 24GB GDDR6X,24,GDDR6X,2800.99,https://www.pccomponentes.com/asus-rog-strix-geforce-rtx-3090-gaming-oc-24gb-gddr6x
Zotac Gaming GeForce RTX 3080 Ti Trinity OC 12GB GDDR6X,12,GDDR6X,1591.15,https://www.pccomponentes.com/zotac-gaming-geforce-rtx-3080-ti-trinity-oc-12gb-gddr6x
MSI GeForce RTX 3080 Ti VENTUS 3X OC 12GB GDDR6X Reacondicionado,12,GDDR6X,1445.1,https://www.pccomponentes.com/msi-geforce-rtx-3080-ti-ventus-3x-oc-12gb-gddr6x-reacondicionado
Asus GeForce GT 1030 2GB GDDR5,2,GDDR5,120.18,https://www.pccomponentes.com/asus-geforce-gt-1030-2gb-gddr5
Gigabyte GeForce RTX 3070 GAMING OC 8GB GDDR6 Reacondicionado,8,GDDR6,534.35,https://www.pccomponentes.com/gigabyte-geforce-rtx-3070-gaming-oc-8gb-gddr6-reacondicionado
MSI Radeon RX 6800 XT GAMING Z TRIO 16GB GDDR6,16,GDDR6,1497.25,https://www.pccomponentes.com/msi-radeon-rx-6800-xt-gaming-z-trio-16gb-gddr6
Gigabyte GeForce RTX 3050 GAMING OC 8GB GDDR6 Reacondicionado,8,GDDR6,419.99,https://www.pccomponentes.com/gigabyte-geforce-rtx-3050-gaming-oc-8gb-gddr6-reacondicionado
XFX Speedster SWFT 210 AMD Radeon RX 6600 XT 8GB GDDR6 Reacondicionado,8,GDDR6,499.99,https://www.pccomponentes.com/xfx-speedster-swft-210-amd-radeon-rx-6600-xt-8gb-gddr6-reacondicionado
MSI GeForce RTX 3080 GAMING Z TRIO LHR 10GB GDDR6,10,GDDR6,1526.66,https://www.pccomponentes.com/msi-geforce-rtx-3080-gaming-z-trio-lhr-10gb-gddr6
Zotac Gaming GTX 1660 SUPER Twin Fan 6GB GDDR6,6,GDDR6,364.16,https://www.pccomponentes.com/zotac-gaming-gtx-1660-super-twin-fan-6gb-gddr6
Asus TUF Gaming GeForce RTX 3070 Ti 8GB GDDR6X,8,GDDR6X,918.09,https://www.pccomponentes.com/asus-tuf-gaming-geforce-rtx-3070-ti-8gb-gddr6x
Gigabyte AMD Radeon RX 6600 EAGLE 8GB GDDR6,8,GDDR6,526.87,https://www.pccomponentes.com/gigabyte-amd-radeon-rx-6600-eagle-8gb-gddr6
MSI GeForce RTX 3090 SUPRIM X 24GB GDDR6X,24,GDDR6X,2956.34,https://www.pccomponentes.com/msi-geforce-rtx-3090-suprim-x-24gb-gddr6x
HP Nvidia Quadro RTX 4000 8GB GDDR6,8,GDDR6,999.0,https://www.pccomponentes.com/hp-nvidia-quadro-rtx-4000-8gb-gddr6
MSI GeForce GTX 1650 4GT Low Profile 4GB GDDR5,4,GDDR5,268.3,https://www.pccomponentes.com/msi-geforce-gtx-1650-4gt-low-profile-4gb-gddr5
Asus ROG Strix GeForce RTX 3050 OC Edition 8GB GDDR6 Reacondicionado,8,GDDR6,476.45,https://www.pccomponentes.com/asus-rog-strix-geforce-rtx-3050-oc-edition-8gb-gddr6-reacondicionado
Palit GeForce GT 710 2GB GDDR3,2,GDDR3,69.73,https://www.pccomponentes.com/palit-geforce-gt-710-2gb-gddr3
Asus TUF Gaming GeForce RTX 3080 Ti 12GB GDDR6X,12,GDDR6X,1741.16,https://www.pccomponentes.com/asus-tuf-gaming-geforce-rtx-3080-ti-12gb-gddr6x
HP Nvidia Quadro T400 2GB GDDR6,2,GDDR6,150.54,https://www.pccomponentes.com/hp-nvidia-quadro-t400-2gb-gddr6
EVGA GeForce RTX 3090 XC3 ULTRA GAMING 24GB GDDR6X Reacondicionado,24,GDDR6X,1587.9,https://www.pccomponentes.com/evga-geforce-rtx-3090-xc3-ultra-gaming-24gb-gddr6x-reacondicionado
Gainward GeForce RTX 3060Ti Ghost 8GB GDDR6,8,GDDR6,677.2,https://www.pccomponentes.com/gainward-geforce-rtx-3060ti-ghost-8gb-gddr6
Asus ROG Strix GeForce RTX 3090 White 24GB GDDR6,24,GDDR6,2195.53,https://www.pccomponentes.com/asus-rog-strix-geforce-rtx-3090-white-24gb-gddr6
PNY QUADRO T1000 4GB GDDR6,4,GDDR6,450.8,https://www.pccomponentes.com/pny-quadro-t1000-4gb-gddr6
PNY Nvidia Quadro P1000 V2 4GB GDDR5,4,GDDR5,506.53,https://www.pccomponentes.com/pny-nvidia-quadro-p1000-v2-4gb-gddr5
PNY Quadro T600 4GB GDDR6 Low Profile,4,GDDR6,281.43,https://www.pccomponentes.com/pny-quadro-t600-4gb-gddr6-low-profile
Zotac Gaming Geforce RTX 3080 AMP EXTREME HOLO LHR 12GB GDDR6X,12,GDDR6X,1409.65,https://www.pccomponentes.com/zotac-gaming-geforce-rtx-3080-amp-extreme-holo-lhr-12gb-gddr6x
PNY Nvidia Quadro P620 V2 2GB GDDR5,2,GDDR5,222.13,https://www.pccomponentes.com/pny-nvidia-quadro-p620-v2-2gb-gddr5
Asus Dual Radeon RX 6500 XT OC Edition 4GB GDDR6,4,GDDR6,286.39,https://www.pccomponentes.com/asus-dual-radeon-rx-6500-xt-oc-edition-4gb-gddr6
Gigabyte Radeon RX 6600 XT GAMING OC PRO 8GB GDDR6,8,GDDR6,599.99,https://www.pccomponentes.com/gigabyte-radeon-rx-6600-xt-gaming-oc-pro-8gb-gddr6
PowerColor Red Devil AMD Radeon RX 6900 XT Ultimate 16GB GDDR6,16,GDDR6,1336.1,https://www.pccomponentes.com/powercolor-red-devil-amd-radeon-rx-6900-xt-ultimate-16gb-gddr6
MSI AMD Radeon RX 6700 XT GAMING X 12GB GDDR6,12,GDDR6,1058.02,https://www.pccomponentes.com/msi-amd-radeon-rx-6700-xt-gaming-x-12gb-gddr6
Asus GeForce GTX 1660 SUPER OC Dual 6GB GDDR6 Reacondicionado,6,GDDR6,213.3,https://www.pccomponentes.com/asus-geforce-gtx-1660-super-oc-dual-6gb-gddr6-reacondicionado
PNY NVIDIA Quadro P2000 5GB GDDR5,5,GDDR5,553.07,https://www.pccomponentes.com/pny-nvidia-quadro-p2000-5gb-gddr5
MSI Geforce RTX 3080 SUPRIM X LHR 12GB GDDR6X,12,GDDR6X,2111.99,https://www.pccomponentes.com/msi-geforce-rtx-3080-suprim-x-lhr-12gb-gddr6x
EVGA GeForce RTX 2060 KO Ultra Gaming 6GB GDDR6,6,GDDR6,483.32,https://www.pccomponentes.com/evga-geforce-rtx-2060-ko-ultra-gaming-6gb-gddr6
PNY Quadro P400 2GB GDDR5,2,GDDR5,127.47,https://www.pccomponentes.com/pny-quadro-p400-2gb-gddr5
MSI GeForce GTX 1050Ti 4GT Low Profile 4GB GDDR5,4,GDDR5,230.84,https://www.pccomponentes.com/msi-geforce-gtx-1050ti-4gt-low-profile-4gb-gddr5
Gigabyte AORUS GeForce RTX 3070 Ti MASTER 8GB GDDR6,8,GDDR6,1053.11,https://www.pccomponentes.com/gigabyte-aorus-geforce-rtx-3070-ti-master-8gb-gddr6
Asus Dual GeForce RTX 2060 EVO 12GB GDDR6,12,GDDR6,519.02,https://www.pccomponentes.com/asus-dual-geforce-rtx-2060-evo-12gb-gddr6
MSI GeForce GTX 1660 SUPER Ventus XS OC 6GB GDDR6 Reacondicionado,6,GDDR6,299.99,https://www.pccomponentes.com/msi-geforce-gtx-1660-super-ventus-xs-oc-6gb-gddr6-reacondicionado
MSI GeForce RTX 3080 GAMING Z TRIO LHR 10GB GDDR6 Reacondicionado,10,GDDR6,1000.45,https://www.pccomponentes.com/msi-geforce-rtx-3080-gaming-z-trio-lhr-10gb-gddr6-reacondicionado
MSI GeForce RTX 3060 Ti GAMING X LHR 8GB GDDR6,8,GDDR6,842.41,https://www.pccomponentes.com/msi-geforce-rtx-3060-ti-gaming-x-lhr-8gb-gddr6
Biostar Radeon RX 560 Gaming Dual Cooling 4GB GDDR5,4,GDDR5,285.16,https://www.pccomponentes.com/biostar-radeon-rx-560-gaming-dual-cooling-4gb-gddr5
PowerColor HELLHOUND AMD Radeon RX 6600 8GB GDDR6 Reacondicionado,8,GDDR6,442.15,https://www.pccomponentes.com/powercolor-hellhound-amd-radeon-rx-6600-8gb-gddr6-reacondicionado
Gigabyte Radeon RX 6700 XT EAGLE OC 12GB GDDR6,12,GDDR6,1004.53,https://www.pccomponentes.com/gigabyte-radeon-rx-6700-xt-eagle-oc-12gb-gddr6
Gigabyte GeForce RTX 3060 EAGLE OC 12GB GDDR6,12,GDDR6,623.22,https://www.pccomponentes.com/gigabyte-geforce-rtx-3060-eagle-oc-12gb-gddr6
Asus Turbo GeForce RTX 3090 24GB GDDR6X,24,GDDR6X,3060.0,https://www.pccomponentes.com/asus-turbo-geforce-rtx-3090-24gb-gddr6x
Gigabyte GeForce RTX 3070 GAMING OC 8GB GDDR6,8,GDDR6,911.69,https://www.pccomponentes.com/gigabyte-geforce-rtx-3070-gaming-oc-8gb-gddr6
Gainward GeForce RTX 3070 Phoenix 8GB GDDR6 Reacondicionado,8,GDDR6,820.15,https://www.pccomponentes.com/gainward-geforce-rtx-3070-phoenix-8gb-gddr6-reacondicionado
Gainward GeForce RTX 3070 Ti Phoenix 8GB GDDR6X Reacondicionado,8,GDDR6X,919.95,https://www.pccomponentes.com/gainward-geforce-rtx-3070-ti-phoenix-8gb-gddr6x-reacondicionado
Biostar GeForce GT730 2GB DDR3 Low Profile,2,DDR3,106.25,https://www.pccomponentes.com/biostar-geforce-gt730-2gb-ddr3-low-profile
MSI GeForce RTX 3080 GAMING Z TRIO LHR 12GB GDDR6X Reacondicionado,12,GDDR6X,1300.75,https://www.pccomponentes.com/msi-geforce-rtx-3080-gaming-z-trio-lhr-12gb-gddr6x-reacondicionado
MSI GeForce GT 730 2GB DDR3 Low Profile,2,DDR3,91.16,https://www.pccomponentes.com/msi-geforce-gt-730-2gb-ddr3-low-profile
Asus TUF Gaming GeForce GTX 1660 Ti EVO TOP Edition 6GB GDDR6,6,GDDR6,412.51,https://www.pccomponentes.com/asus-tuf-gaming-geforce-gtx-1660-ti-evo-top-edition-6gb-gddr6
Gigabyte GeForce RTX 3060 Ti GAMING OC PRO 8GB GDDR6,8,GDDR6,705.87,https://www.pccomponentes.com/gigabyte-geforce-rtx-3060-ti-gaming-oc-pro-8gb-gddr6
PNY GeForce RTX 2060 REVEL Dual Fan 12GB GDDR6,12,GDDR6,715.33,https://www.pccomponentes.com/pny-geforce-rtx-2060-revel-dual-fan-12gb-gddr6
Gigabyte AORUS GeForce GTX 1650 D6 OC 4GB GDDR6,4,GDDR6,269.22,https://www.pccomponentes.com/gigabyte-aorus-geforce-gtx-1650-d6-oc-4gb-gddr6
Powercolor Hellhound AMD Radeon RX 6600XT 8GB GDDR6,8,GDDR6,1341.22,https://www.pccomponentes.com/powercolor-hellhound-amd-radeon-rx-6600xt-8gb-gddr6
PNY GeForce GT 730 2GB GDDR3 Low Profile,2,GDDR3,83.58,https://www.pccomponentes.com/pny-geforce-gt-730-2gb-gddr3-low-profile
Asus TUF AMD Radeon RX 6900XT OC 16GB GDDR6,16,GDDR6,1958.91,https://www.pccomponentes.com/asus-tuf-amd-radeon-rx-6900xt-oc-16gb-gddr6
Sapphire Pulse AMD Radeon RX 6500XT GAMING OC 4GB GDDR6 Reacondicionado,4,GDDR6,231.15,https://www.pccomponentes.com/sapphire-pulse-amd-radeon-rx-6500xt-gaming-oc-4gb-gddr6-reacondicionado
MSI GeForce GTX 1660 Ventus XS OC 6GB GDDR5,6,GDDR5,406.47,https://www.pccomponentes.com/msi-geforce-gtx-1660-ventus-xs-oc-6gb-gddr5
Gigabyte GeForce GTX 1650 D6 Rev 2.0 4GB GDDR6,4,GDDR6,274.45,https://www.pccomponentes.com/gigabyte-geforce-gtx-1650-d6-rev-20-4gb-gddr6
Gigabyte AORUS GeForce RTX 3090 XTREME 24GB GDDRX6,24,GDDRX6,2940.24,https://www.pccomponentes.com/gigabyte-aorus-geforce-rtx-3090-xtreme-24gb-gddrx6
Asus Dual GeForce RTX 3050 OC Edition 8GB GDDR6 Reacondicionado,8,GDDR6,422.05,https://www.pccomponentes.com/asus-dual-geforce-rtx-3050-oc-edition-8gb-gddr6-reacondicionado
Gigabyte AMD Radeon RX 6700 XT GAMING OC 12GB GDDR6,12,GDDR6,931.65,https://www.pccomponentes.com/gigabyte-amd-radeon-rx-6700-xt-gaming-oc-12gb-gddr6
Zotac GAMING GeForce RTX 3070 Ti AMP Extreme Holo 8 GB GDDR6X,8,GDDR6X,1058.65,https://www.pccomponentes.com/zotac-gaming-geforce-rtx-3070-ti-amp-extreme-holo-8-gb-gddr6x
Asrock AMD Radeon RX 6600 XT Phantom Gaming D OC 8GB GDDR6,8,GDDR6,611.75,https://www.pccomponentes.com/asrock-amd-radeon-rx-6600-xt-phantom-gaming-d-oc-8gb-gddr6
Lenovo ThinkStation Nvidia Quadro P400 2GB GDDR5,2,GDDR5,158.47,https://www.pccomponentes.com/lenovo-thinkstation-nvidia-quadro-p400-2gb-gddr5
Inno3D GeForce RTX 3070 Ti X3 OC Dual Slot 8GB GDDR6X,8,GDDR6X,943.13,https://www.pccomponentes.com/inno3d-geforce-rtx-3070-ti-x3-oc-dual-slot-8gb-gddr6x
Asus TUF Gaming GTX 1660TI EVO GAMING OC 6GB GDDR6,6,GDDR6,418.1,https://www.pccomponentes.com/asus-tuf-gaming-gtx-1660ti-evo-gaming-oc-6gb-gddr6
MSI AMD Radeon RX 6800 GAMING X TRIO 16GB GDDR6,16,GDDR6,1305.09,https://www.pccomponentes.com/msi-amd-radeon-rx-6800-gaming-x-trio-16gb-gddr6
Zotac Gaming Geforce RTX 3080 AMP HOLO LHR 12GB GDDR6X,12,GDDR6X,1363.06,https://www.pccomponentes.com/zotac-gaming-geforce-rtx-3080-amp-holo-lhr-12gb-gddr6x
Gainward GeForce RTX 3080 PHANTOM+ LHR 10GB GDDR6X,10,GDDR6X,1168.23,https://www.pccomponentes.com/gainward-geforce-rtx-3080-phantom-lhr-10gb-gddr6x
MSI RX 6600 XT MECH 2X OCV1 8GB GDDR6,8,GDDR6,701.38,https://www.pccomponentes.com/msi-rx-6600-xt-mech-2x-ocv1-8gb-gddr6
Gigabyte GeForce RTX 3080 TURBO Rev 2.0 LHR 10GB GDDR6X,10,GDDR6X,1148.74,https://www.pccomponentes.com/gigabyte-geforce-rtx-3080-turbo-rev-20-lhr-10gb-gddr6x
MSI GeForce GTX 1650 D6 AERO ITX OC 4GB GDDR6,4,GDDR6,255.93,https://www.pccomponentes.com/msi-geforce-gtx-1650-d6-aero-itx-oc-4gb-gddr6
PowerColor Fighter AMD Radeon RX 6700XT 12GB GDDR6,12,GDDR6,826.63,https://www.pccomponentes.com/powercolor-fighter-amd-radeon-rx-6700xt-12gb-gddr6
EVGA GeForce RTX 3060 Ti XC GAMING LHR 8GB GDDR6 Reacondicionado,8,GDDR6,549.99,https://www.pccomponentes.com/evga-geforce-rtx-3060-ti-xc-gaming-lhr-8gb-gddr6-reacondicionado
Gigabyte AMD Radeon RX 6800 XT GAMING OC 16GB GDDR6,16,GDDR6,1362.31,https://www.pccomponentes.com/gigabyte-amd-radeon-rx-6800-xt-gaming-oc-16gb-gddr6
PowerColor ITX AMD Radeon RX 6500 XT 4GB GDDR6,4,GDDR6,252.63,https://www.pccomponentes.com/powercolor-itx-amd-radeon-rx-6500-xt-4gb-gddr6
Gigabyte Radeon RX 6600 XT EAGLE 8GB GDDR6,8,GDDR6,587.79,https://www.pccomponentes.com/gigabyte-radeon-rx-6600-xt-eagle-8gb-gddr6
MSI GeForce GTX 1660Ti Ventus XS 6GB GDDR6,6,GDDR6,789.29,https://www.pccomponentes.com/msi-geforce-gtx-1660ti-ventus-xs-6gb-gddr6
Asus TUF GeForce RTX 3090 Gaming 24GB GDDR6X,24,GDDR6X,2674.41,https://www.pccomponentes.com/asus-tuf-geforce-rtx-3090-gaming-24gb-gddr6x
Gigabyte GeForce RTX 2060 D6 6GB GDDR6,6,GDDR6,523.03,https://www.pccomponentes.com/gigabyte-geforce-rtx-2060-d6-6gb-gddr6
ASUS ROG Strix GeForce RTX 3070 V2 White LHR 8GB GDDR6,8,GDDR6,966.02,https://www.pccomponentes.com/asus-rog-strix-geforce-rtx-3070-v2-white-lhr-8gb-gddr6
Asus ROG Strix Radeon RX 570 OC Gaming 8GB GDDR5 Reacondicionado,8,GDDR5,179.99,https://www.pccomponentes.com/asus-rog-strix-radeon-rx-570-oc-gaming-8gb-gddr5-reacondicionado
PowerColor Red Devil AMD Radeon RX 6600XT 8GB GDDR6,8,GDDR6,934.6,https://www.pccomponentes.com/powercolor-red-devil-amd-radeon-rx-6600xt-8gb-gddr6
MSI AMD Radeon RX 6700 XT MECH 2X 12GB OC 12GB GDDR6,12,GDDR6,932.61,https://www.pccomponentes.com/msi-amd-radeon-rx-6700-xt-mech-2x-12gb-oc-12gb-gddr6
MSI GeForce GTX 1650 VENTUS XS 4G OCV1 4GB GDDR5,4,GDDR5,409.99,https://www.pccomponentes.com/msi-geforce-gtx-1650-ventus-xs-4g-ocv1-4gb-gddr5
AsRock AMD Radeon RX 6800 XT Phantom Gaming D OC 16GB GDDR6,16,GDDR6,1250.18,https://www.pccomponentes.com/asrock-amd-radeon-rx-6800-xt-phantom-gaming-d-oc-16gb-gddr6
Asus TUF Gaming GeForce GTX 1660 SUPER OC Edition 6GB GDDR6 Reacondicionado,6,GDDR6,349.99,https://www.pccomponentes.com/asus-tuf-gaming-geforce-gtx-1660-super-oc-edition-6gb-gddr6-reacondicionado
Gigabyte AORUS GeForce RTX 3070 MASTER 8GB GDDR6 Rev 2.0,8,GDDR6,1037.36,https://www.pccomponentes.com/gigabyte-aorus-geforce-rtx-3070-master-8gb-gddr6-rev-20
MSI AMD Radeon RX 6800 XT GAMING X TRIO 16GB GDDR6 Reacondicionado,16,GDDR6,849.99,https://www.pccomponentes.com/msi-amd-radeon-rx-6800-xt-gaming-x-trio-16gb-gddr6-reacondicionado
EVGA GeForce RTX 3070 FTW3 ULTRA GAMING LHR 8GB GDDR6,8,GDDR6,1003.42,https://www.pccomponentes.com/evga-geforce-rtx-3070-ftw3-ultra-gaming-lhr-8gb-gddr6
Asus AMD Radeon RX 6600 DUAL 8GB GDDR6,8,GDDR6,465.82,https://www.pccomponentes.com/asus-amd-radeon-rx-6600-dual-8gb-gddr6
XFX Speedster SWFT 319 AMD Radeon RX 6900 XT CORE 16GB GDDR6,16,GDDR6,1605.71,https://www.pccomponentes.com/xfx-speedster-swft-319-amd-radeon-rx-6900-xt-core-16gb-gddr6
Zotac GeForce RTX 3090 AMP Extreme Holo 24GB GDDR6X,24,GDDR6X,2877.19,https://www.pccomponentes.com/zotac-geforce-rtx-3090-amp-extreme-holo-24gb-gddr6x
PNY Nvidia RTX A2000 6GB GDDR6 Low Profile,6,GDDR6,814.99,https://www.pccomponentes.com/pny-nvidia-rtx-a2000-6gb-gddr6-low-profile
Asus ROG Strix AMD Radeon RX 6600 XT OC Edition 8GB GDDR6,8,GDDR6,664.9,https://www.pccomponentes.com/asus-rog-strix-amd-radeon-rx-6600-xt-oc-edition-8gb-gddr6
Asus TUF Gaming GeForce RTX 3080 Ti OC Edition 12GB GDDR6X,12,GDDR6X,1849.6,https://www.pccomponentes.com/asus-tuf-gaming-geforce-rtx-3080-ti-oc-edition-12gb-gddr6x
MSI GeForce RTX 3080 Ti SUPRIM X 12GB GDDR6X,12,GDDR6X,2168.08,https://www.pccomponentes.com/msi-geforce-rtx-3080-ti-suprim-x-12gb-gddr6x
Gigabyte AORUS GeForce RTX 3070 MASTER 8GB GDDR6,8,GDDR6,1109.82,https://www.pccomponentes.com/gigabyte-aorus-geforce-rtx-3070-master-8gb-gddr6
MSI GeForce RTX 3060 Ti GAMING Z TRIO LHR 8GB GDDR6,8,GDDR6,841.03,https://www.pccomponentes.com/msi-geforce-rtx-3060-ti-gaming-z-trio-lhr-8gb-gddr6
Palit GeForce RTX 3090 GamingPro 24GB GDDR6X,24,GDDR6X,2111.42,https://www.pccomponentes.com/palit-geforce-rtx-3090-gamingpro-24gb-gddr6x
PNY Nvidia Quadro RTX 5000 16GB GDDR6,16,GDDR6,2072.69,https://www.pccomponentes.com/pny-nvidia-quadro-rtx-5000-16gb-gddr6
Gigabyte GeForce RTX 3080 GAMING OC 12GB GDDR6 Reacondicionado,12,GDDR6,1317.45,https://www.pccomponentes.com/gigabyte-geforce-rtx-3080-gaming-oc-12gb-gddr6-reacondicionado
MSI Geforce RTX 3080 SUPRIM X LHR 12GB GDDR6X Reacondicionado,12,GDDR6X,1518.0,https://www.pccomponentes.com/msi-geforce-rtx-3080-suprim-x-lhr-12gb-gddr6x-reacondicionado
Zotac Gaming Geforce RTX 3080 TRINITY OC MLHR 12GB GDDR6X Reacondicionado,12,GDDR6X,1337.45,https://www.pccomponentes.com/zotac-gaming-geforce-rtx-3080-trinity-oc-mlhr-12gb-gddr6x-reacondicionado
PNY Quadro P1000 DVI 4GB GDDR5,4,GDDR5,407.98,https://www.pccomponentes.com/pny-quadro-p1000-dvi-4gb-gddr5
PNY GeForce RTX 3060 Ti XLR8 Gaming REVEL EPIC-X RGB Dual Fan LHR 8GB GDDR6,8,GDDR6,956.66,https://www.pccomponentes.com/pny-geforce-rtx-3060-ti-xlr8-gaming-revel-epic-x-rgb-dual-fan-lhr-8gb-gddr6
Asus AMD Radeon RX 6600 XT Dual OC Edition 8 GB GDDR6,8,GDDR6,565.08,https://www.pccomponentes.com/asus-amd-radeon-rx-6600-xt-dual-oc-edition-8-gb-gddr6
Sapphire PULSE AMD RADEON RX 6600 XT GAMING OC 8GB GDDR6,8,GDDR6,553.07,https://www.pccomponentes.com/sapphire-pulse-amd-radeon-rx-6600-xt-gaming-oc-8gb-gddr6
Gigabyte AORUS GeForce RTX 3080 MASTER 10G 3.0 10GB GDDR6X,10,GDDR6X,1588.09,https://www.pccomponentes.com/gigabyte-aorus-geforce-rtx-3080-master-10g-30-10gb-gddr6x
PNY GeForce RTX 3080 Ti XLR8 Gaming REVEL Edition 12GB GDDR6X,12,GDDR6X,1492.2,https://www.pccomponentes.com/pny-geforce-rtx-3080-ti-xlr8-gaming-revel-edition-12gb-gddr6x
Gigabyte AORUS GeForce RTX 3080 Ti MASTER 12GB GDDR6X,12,GDDR6X,1902.67,https://www.pccomponentes.com/gigabyte-aorus-geforce-rtx-3080-ti-master-12gb-gddr6x
Zotac Gaming GeForce RTX 3080 Ti AMP Holo 12GB GDDR6X,12,GDDR6X,1728.99,https://www.pccomponentes.com/zotac-gaming-geforce-rtx-3080-ti-amp-holo-12gb-gddr6x
Gigabyte AORUS Radeon RX 6700 XT ELITE 12GB GDDR6,12,GDDR6,1264.16,https://www.pccomponentes.com/gigabyte-aorus-radeon-rx-6700-xt-elite-12gb-gddr6
Asrock Radeon RX 6900 XT Phantom Gaming OC Edition 16GB GDDR6,16,GDDR6,1731.76,https://www.pccomponentes.com/asrock-radeon-rx-6900-xt-phantom-gaming-oc-edition-16gb-gddr6
MSI AMD Radeon RX 6800 XT GAMING X TRIO 16GB GDDR6,16,GDDR6,1447.64,https://www.pccomponentes.com/msi-amd-radeon-rx-6800-xt-gaming-x-trio-16gb-gddr6
Gigabyte Radeon RX 6800 GAMING OC 16GB GDDR6,16,GDDR6,1247.19,https://www.pccomponentes.com/gigabyte-radeon-rx-6800-gaming-oc-16gb-gddr6
PowerColor AMD Radeon RX 6800 Red Dragon 16GB GDDR6,16,GDDR6,1311.11,https://www.pccomponentes.com/powercolor-amd-radeon-rx-6800-red-dragon-16gb-gddr6
Palit GeForce GTX 1650 Gaming Pro 4GB GDDR6,4,GDDR6,278.37,https://www.pccomponentes.com/palit-geforce-gtx-1650-gaming-pro-4gb-gddr6
MSI GeForce GTX 1660 SUPER GAMING X 6GB GDDR6,6,GDDR6,626.18,https://www.pccomponentes.com/msi-geforce-gtx-1660-super-gaming-x-6gb-gddr6
Inno3D GeForce GT 1030 2GB GDDR5 Low Profile,2,GDDR5,151.1,https://www.pccomponentes.com/inno3d-geforce-gt-1030-2gb-gddr5-low-profile
Zotac Gaming Geforce RTX 3080 TRINITY LHR 12GB GDDR6X,12,GDDR6X,1545.65,https://www.pccomponentes.com/zotac-gaming-geforce-rtx-3080-trinity-lhr-12gb-gddr6x
Palit GeForce RTX 3060 Dual 12GB GDDR6,12,GDDR6,636.03,https://www.pccomponentes.com/palit-geforce-rtx-3060-dual-12gb-gddr6
Gainward GeForce GTX 1650 D6 Ghost 4GB GDDR6,4,GDDR6,272.32,https://www.pccomponentes.com/gainward-geforce-gtx-1650-d6-ghost-4gb-gddr6
Gainward GeForce RTX 3060 Ghost 12GB GDDR6,12,GDDR6,656.98,https://www.pccomponentes.com/gainward-geforce-rtx-3060-ghost-12gb-gddr6
Asus ROG Strix GeForce RTX 3060 V2 LHR 12GB GDDR6,12,GDDR6,595.86,https://www.pccomponentes.com/asus-rog-strix-geforce-rtx-3060-v2-lhr-12gb-gddr6
Inno3D GeForce RTX 3080 Ti X3 OC 12GB GDDR6X,12,GDDR6X,1768.75,https://www.pccomponentes.com/inno3d-geforce-rtx-3080-ti-x3-oc-12gb-gddr6x
Asus Dual Radeon RX 6700 XT OC Edition 12GB GDDR6,12,GDDR6,845.08,https://www.pccomponentes.com/asus-dual-radeon-rx-6700-xt-oc-edition-12gb-gddr6
Inno3D GeForce RTX 3060 Ti Twin X2 OC LHR 8GB GDDR6,8,GDDR6,795.47,https://www.pccomponentes.com/inno3d-geforce-rtx-3060-ti-twin-x2-oc-lhr-8gb-gddr6
Inno3d GeForce RTX 3070 ICHILL X4 LHR 8GB GDDR6,8,GDDR6,1031.17,https://www.pccomponentes.com/inno3d-geforce-rtx-3070-ichill-x4-lhr-8gb-gddr6
Inno3D GeForce RTX 3080 iChill X4 LHR 10GB GDDR6X,10,GDDR6X,1388.99,https://www.pccomponentes.com/inno3d-geforce-rtx-3080-ichill-x4-lhr-10gb-gddr6x
Inno3D GeForce RTX 3070 Ti iChill X4 8GB GDDR6X,8,GDDR6X,1110.69,https://www.pccomponentes.com/inno3d-geforce-rtx-3070-ti-ichill-x4-8gb-gddr6x
Inno3D GeForce RTX 3060 Ti iChill X3 RED LHR 8GB GDDR6,8,GDDR6,792.4,https://www.pccomponentes.com/inno3d-geforce-rtx-3060-ti-ichill-x3-red-lhr-8gb-gddr6
Asus Dual GeForce RTX 2060 EVO 6GB GDDR6 Reacondicionado,6,GDDR6,436.5,https://www.pccomponentes.com/asus-dual-geforce-rtx-2060-evo-6gb-gddr6-reacondicionado
Sapphire GPRO 4300 4GB GDDR5,4,GDDR5,277.4,https://www.pccomponentes.com/sapphire-gpro-4300-4gb-gddr5
ASRock Radeon RX 6700 XT Challenger D OC 12GB GDDR6,12,GDDR6,968.73,https://www.pccomponentes.com/asrock-radeon-rx-6700-xt-challenger-d-oc-12gb-gddr6
Zotac Gaming GeForce RTX 3080 Ti AMP Extreme Holo 12GB GDDR6X,12,GDDR6X,2486.0,https://www.pccomponentes.com/zotac-gaming-geforce-rtx-3080-ti-amp-extreme-holo-12gb-gddr6x
Gigabyte GeForce RTX 3070 VISION OC V2 LHR 8GB GDDR6,8,GDDR6,1045.88,https://www.pccomponentes.com/gigabyte-geforce-rtx-3070-vision-oc-v2-lhr-8gb-gddr6
Sapphire Pulse Radeon RX 6700 XT GAMING OC 12GB GDDR6,12,GDDR6,780.57,https://www.pccomponentes.com/sapphire-pulse-radeon-rx-6700-xt-gaming-oc-12gb-gddr6
Gigabyte Radeon RX 6600 XT GAMING OC 8GB GDDR6,8,GDDR6,630.32,https://www.pccomponentes.com/gigabyte-radeon-rx-6600-xt-gaming-oc-8gb-gddr6
Asus ROG Strix LC Radeon RX 6900 XT GAMING OC 16GB GDDR6,16,GDDR6,2063.8,https://www.pccomponentes.com/asus-rog-strix-lc-radeon-rx-6900-xt-gaming-oc-16gb-gddr6
Gigabyte AORUS Radeon RX 6900 XT Xtreme WaterForce WB 16GB GDDR6,16,GDDR6,2140.71,https://www.pccomponentes.com/gigabyte-aorus-radeon-rx-6900-xt-xtreme-waterforce-wb-16gb-gddr6
Palit GeForce RTX 3080 Ti GAMING PRO 12GB GDDR6X,12,GDDR6X,2121.84,https://www.pccomponentes.com/palit-geforce-rtx-3080-ti-gaming-pro-12gb-gddr6x
MSI GeForce RTX 3070 SUPRIM X LHR 8GB GDDR6,8,GDDR6,1137.85,https://www.pccomponentes.com/msi-geforce-rtx-3070-suprim-x-lhr-8gb-gddr6
Zotac Gaming Geforce RTX 3070 AMP HOLO LHR 8GB GDDR6,8,GDDR6,1068.04,https://www.pccomponentes.com/zotac-gaming-geforce-rtx-3070-amp-holo-lhr-8gb-gddr6
Zotac Gaming Geforce RTX 3080 TRINITY AMP HOLO LHR 10GB GDDR6X,10,GDDR6X,1428.53,https://www.pccomponentes.com/zotac-gaming-geforce-rtx-3080-trinity-amp-holo-lhr-10gb-gddr6x
MSI GeForce RTX 3070 Ti VENTUS 3X 8GB GDDR6X,8,GDDR6X,995.27,https://www.pccomponentes.com/msi-geforce-rtx-3070-ti-ventus-3x-8gb-gddr6x
Asus Rog Strix RTX 3070Ti 8GB GDDR6X,8,GDDR6X,1334.44,https://www.pccomponentes.com/asus-rog-strix-rtx-3070ti-8gb-gddr6x
Gigabyte GeForce RTX 3080 Ti EAGLE OC 12GB GDDR6X,12,GDDR6X,1733.19,https://www.pccomponentes.com/gigabyte-geforce-rtx-3080-ti-eagle-oc-12gb-gddr6x
MSI AMD Radeon RX 6900 XT GAMING Z TRIO 16GB GDDR6,16,GDDR6,1555.89,https://www.pccomponentes.com/msi-amd-radeon-rx-6900-xt-gaming-z-trio-16gb-gddr6
Sapphire NITRO+ AMD Radeon RX 6900 XT SE OC GAMING 16GB GDDR6,16,GDDR6,1729.65,https://www.pccomponentes.com/sapphire-nitro-amd-radeon-rx-6900-xt-se-oc-gaming-16gb-gddr6
PNY GeForce GTX 1660 SUPER Single Fan 6GB GDDR6,6,GDDR6,812.99,https://www.pccomponentes.com/pny-geforce-gtx-1660-super-single-fan-6gb-gddr6
Asus Dual Radeon RX 6700 XT 12GB GDDR6,12,GDDR6,816.72,https://www.pccomponentes.com/asus-dual-radeon-rx-6700-xt-12gb-gddr6
HP Nvidia Quadro P1000 4GB GDDR5,4,GDDR5,455.73,https://www.pccomponentes.com/hp-nvidia-quadro-p1000-4gb-gddr5
AsRock AMD Radeon RX 6700 XT Challenger D 12GB GDDR6,12,GDDR6,1035.72,https://www.pccomponentes.com/asrock-amd-radeon-rx-6700-xt-challenger-d-12gb-gddr6
AsRock AMD Radeon RX 6700 XT Challenger Pro OC 12GB GDDR6,12,GDDR6,793.4,https://www.pccomponentes.com/asrock-amd-radeon-rx-6700-xt-challenger-pro-oc-12gb-gddr6
Asus TUF Gaming Radeon RX 6700 XT OC Edition 12GB GDDR6,12,GDDR6,995.22,https://www.pccomponentes.com/asus-tuf-gaming-radeon-rx-6700-xt-oc-edition-12gb-gddr6
Asus ROG Strix Radeon RX 6700 XT OC Edition 12GB GDDR6,12,GDDR6,1163.69,https://www.pccomponentes.com/asus-rog-strix-radeon-rx-6700-xt-oc-edition-12gb-gddr6
MSI GeForce RTX 3060 AERO ITX OC 12GB GDDR6,12,GDDR6,629.48,https://www.pccomponentes.com/msi-geforce-rtx-3060-aero-itx-oc-12gb-gddr6
MSI AMD Radeon RX 6700 XT MECH 2X 12GB GDDR6,12,GDDR6,902.28,https://www.pccomponentes.com/msi-amd-radeon-rx-6700-xt-mech-2x-12gb-gddr6
PNY Nvidia Tesla A40 48GB GDDR6,48,GDDR6,6780.01,https://www.pccomponentes.com/pny-nvidia-tesla-a40-48gb-gddr6
PNY Nvidia Tesla P40 24GB GDDR5,24,GDDR5,8013.49,https://www.pccomponentes.com/pny-nvidia-tesla-p40-24gb-gddr5
PNY GeForce RTX 3060 XLR8 Gaming REVEL EPIC-X RGB Single Fan 12GB GDDR6,12,GDDR6,750.12,https://www.pccomponentes.com/pny-geforce-rtx-3060-xlr8-gaming-revel-epic-x-rgb-single-fan-12gb-gddr6
Gigabyte AORUS Radeon RX 6900 XT MASTER 16GB GDDR6,16,GDDR6,2007.6,https://www.pccomponentes.com/gigabyte-aorus-radeon-rx-6900-xt-master-16gb-gddr6
Asus ROG Strix LC Radeon RX 6900 XT 16GB GDDR6,16,GDDR6,1798.08,https://www.pccomponentes.com/asus-rog-strix-lc-radeon-rx-6900-xt-16gb-gddr6
Palit GeForce GTX 1660 SUPER Gaming Pro 6GB GDDR6,6,GDDR6,507.65,https://www.pccomponentes.com/palit-geforce-gtx-1660-super-gaming-pro-6gb-gddr6
Gainward GeForce GTX 1050Ti 4GB GDDR5,4,GDDR5,228.77,https://www.pccomponentes.com/gainward-geforce-gtx-1050ti-4gb-gddr5
Asrock Radeon RX 6800 XT Taichi X OC 16GB GDDR6,16,GDDR6,1194.01,https://www.pccomponentes.com/asrock-radeon-rx-6800-xt-taichi-x-oc-16gb-gddr6
Palit GeForce RTX 3070 JetStream 8GB GDDR6,8,GDDR6,973.59,https://www.pccomponentes.com/palit-geforce-rtx-3070-jetstream-8gb-gddr6
PNY GeForce RTX 3060 UPRISING Dual Fan Edition 12GB GDDR6,12,GDDR6,963.14,https://www.pccomponentes.com/pny-geforce-rtx-3060-uprising-dual-fan-edition-12gb-gddr6
MSI AMD Radeon RX 6900 XT GAMING X TRIO 16GB GDDR6,16,GDDR6,1735.05,https://www.pccomponentes.com/msi-amd-radeon-rx-6900-xt-gaming-x-trio-16gb-gddr6
Gigabyte Radeon RX 6900 XT GAMING OC 16GB GDDR6,16,GDDR6,1546.63,https://www.pccomponentes.com/gigabyte-radeon-rx-6900-xt-gaming-oc-16gb-gddr6
Gigabyte AORUS Radeon RX 6800 XT MASTER 16GB GDDR6,16,GDDR6,1472.11,https://www.pccomponentes.com/gigabyte-aorus-radeon-rx-6800-xt-master-16gb-gddr6
Gigabyte AORUS Radeon RX 6800 MASTER 16GB GDDR6,16,GDDR6,1847.87,https://www.pccomponentes.com/gigabyte-aorus-radeon-rx-6800-master-16gb-gddr6
PowerColor Red Devil AMD Radeon RX 6900 XT 16GB GDDR6,16,GDDR6,1765.7,https://www.pccomponentes.com/powercolor-red-devil-amd-radeon-rx-6900-xt-16gb-gddr6
Palit GeForce RTX 3060 Ti Dual 8GB GDDR6,8,GDDR6,1095.73,https://www.pccomponentes.com/palit-geforce-rtx-3060-ti-dual-8gb-gddr6
Palit GeForce RTX 3090 GameRock 24GB GDDR6X,24,GDDR6X,2395.83,https://www.pccomponentes.com/palit-geforce-rtx-3090-gamerock-24gb-gddr6x
Asus TUF GAMING Radeon RX 6800 OC 16GB GDDR6,16,GDDR6,1187.39,https://www.pccomponentes.com/asus-tuf-gaming-radeon-rx-6800-oc-16gb-gddr6
Sapphire PULSE AMD Radeon RX 6800 16GB GDDR6,16,GDDR6,1374.59,https://www.pccomponentes.com/sapphire-pulse-amd-radeon-rx-6800-16gb-gddr6
Asus TUF GAMING Radeon RX 6800 XT OC 16 GB GDDR6,16,GDDR6,1473.45,https://www.pccomponentes.com/asus-tuf-gaming-radeon-rx-6800-xt-oc-16-gb-gddr6
PNY GeForce RTX 3060Ti XLR8 Gaming REVEL EPIC-X RGB Edition 8GB GDDR6,8,GDDR6,1122.15,https://www.pccomponentes.com/pny-geforce-rtx-3060ti-xlr8-gaming-revel-epic-x-rgb-edition-8gb-gddr6
Gigabyte RTX 3090 Vision OC 24GB GDDR6X,24,GDDR6X,2512.94,https://www.pccomponentes.com/gigabyte-rtx-3090-vision-oc-24gb-gddr6x
Biostar Radeon RX 550 Gaming 2GB GDDR5,2,GDDR5,185.8,https://www.pccomponentes.com/biostar-radeon-rx-550-gaming-2gb-gddr5
Asus GeForce GTX 1650 Mini OC 4GB GDDR6,4,GDDR6,697.16,https://www.pccomponentes.com/asus-geforce-gtx-1650-mini-oc-4gb-gddr6
Dell Nvidia Quadro P400 2GB GDDR5 Perfil Bajo,2,GDDR5,394.52,https://www.pccomponentes.com/dell-nvidia-quadro-p400-2gb-gddr5-perfil-bajo
PNY GeForce RTX 3090 XLR8 Gaming REVEL EPIC-X RGB Triple Fan Edition 24GB GDDR6X,24,GDDR6X,3290.99,https://www.pccomponentes.com/pny-geforce-rtx-3090-xlr8-gaming-revel-epic-x-rgb-triple-fan-edition-24gb-gddr6x
Gigabyte GeForce RTX 3090 Eagle OC 24G 24GB GDDR6X,24,GDDR6X,3904.64,https://www.pccomponentes.com/gigabyte-geforce-rtx-3090-eagle-oc-24g-24gb-gddr6x
PNY Nvidia Quadro RTX 4000 8 GB GDDR6,8,GDDR6,1129.82,https://www.pccomponentes.com/pny-nvidia-quadro-rtx-4000-8-gb-gddr6
EVGA GeForce GTX 1660 SUPER SC ULTRA GAMING 6GB GDDR6,6,GDDR6,696.42,https://www.pccomponentes.com/evga-geforce-gtx-1660-super-sc-ultra-gaming-6gb-gddr6
AMD Radeon Pro WX 9100 16GB GDDR5 HBM2,16,GDDR5,2294.41,https://www.pccomponentes.com/amd-radeon-pro-wx-9100-16gb-gddr5-hbm2
Asus Phoenix GeForce GTX 1660 SUPER 6GB GDDR6,6,GDDR6,410.51,https://www.pccomponentes.com/asus-phoenix-geforce-gtx-1660-super-6gb-gddr6
PNY GeForce GTX 1660 SUPER Dual Fan 6GB GDDR6,6,GDDR6,865.0,https://www.pccomponentes.com/pny-geforce-gtx-1660-super-dual-fan-6gb-gddr6
Gainward GeForce GTX 1660 Ti Pegasus 6GB GDDR6,6,GDDR6,424.45,https://www.pccomponentes.com/gainward-geforce-gtx-1660-ti-pegasus-6-gb-gddr6
PNY GeForce RTX 2060 Single Fan 6GB GDDR6,6,GDDR6,830.6,https://www.pccomponentes.com/pny-geforce-rtx-2060-single-fan-6gb-gddr6
PNY Quadro RTX 6000 24GB GDDR6X,24,GDDR6X,6292.0,https://www.pccomponentes.com/pny-quadro-rtx-6000-24gb-gddr6x
PNY Quadro P620 2GB GDDR5,2,GDDR5,298.61,https://www.pccomponentes.com/pny-quadro-p620-2gb-gddr5
PNY GeForce RTX 3060 Ti UPRISING Dual Fan LHR 8GB GDDR6,8,GDDR6,838.6,https://www.pccomponentes.com/pny-geforce-rtx-3060-ti-uprising-dual-fan-lhr-8gb-gddr6
PNY Nvidia RTX A4000 16GB GDDR6,16,GDDR6,1224.37,https://www.pccomponentes.com/pny-nvidia-rtx-a4000-16gb-gddr6
PNY GeForce RTX 3080 Ti XLR8 Gaming UPRISING Edition 12GB GDDR6X,12,GDDR6X,1658.32,https://www.pccomponentes.com/pny-geforce-rtx-3080-ti-xlr8-gaming-uprising-edition-12gb-gddr6x
Gigabyte GeForce RTX 2060 D6 12GB GDDR6,12,GDDR6,632.35,https://www.pccomponentes.com/gigabyte-geforce-rtx-2060-d6-12gb-gddr6
Gigabyte Radeon RX 6500 XT GAMING OC 4GB GDDR6,4,GDDR6,333.54,https://www.pccomponentes.com/gigabyte-radeon-rx-6500-xt-gaming-oc-4gb-gddr6
Gainward GeForce RTX 3050 PEGASUS 8GB GDDR6,8,GDDR6,385.38,https://www.pccomponentes.com/gainward-geforce-rtx-3050-pegasus-8gb-gddr6
Gainward GeForce RTX 3050 GHOST 8GB GDDR6,8,GDDR6,503.9,https://www.pccomponentes.com/gainward-geforce-rtx-3050-ghost-8gb-gddr6
Gainward GeForce RTX 3080 Phoenix 12GB GDDR6X,12,GDDR6X,1606.5,https://www.pccomponentes.com/gainward-geforce-rtx-3080-phoenix-12gb-gddr6x
Gainward GeForce RTX 3070 Ti Phoenix 8GB GDDR6X,8,GDDR6X,1059.98,https://www.pccomponentes.com/gainward-geforce-rtx-3070-ti-phoenix-8gb-gddr6x
Asus TUF Gaming GeForce RTX 3080 LHR 12GB GDDR6X,12,GDDR6X,1664.91,https://www.pccomponentes.com/asus-tuf-gaming-geforce-rtx-3080-lhr-12gb-gddr6x
Asus TUF GeForce RTX 3080 OC GAMING LHR 12GB GDDR6X,12,GDDR6X,1414.63,https://www.pccomponentes.com/asus-tuf-geforce-rtx-3080-oc-gaming-lhr-12gb-gddr6x
Asus TUF Gaming AMD Radeon RX 6500 XT OC Edition 4GB GDDR6,4,GDDR6,328.68,https://www.pccomponentes.com/asus-tuf-gaming-amd-radeon-rx-6500-xt-oc-edition-4gb-gddr6
MSI GeForce RTX 3050 AERO ITX OC 8GB GDDR6,8,GDDR6,536.1,https://www.pccomponentes.com/msi-geforce-rtx-3050-aero-itx-oc-8gb-gddr6
Gainward GeForce GT 1030 2GB GDDR4,2,GDDR4,114.78,https://www.pccomponentes.com/gainward-geforce-gt-1030-2gb-gddr4
Palit GeForce GT 1030 2GB GDDR4,2,GDDR4,113.71,https://www.pccomponentes.com/palit-geforce-gt-1030-2gb-gddr4
Asus ROG STRIX GeForce RTX 3080 OC GAMING LHR 12GB GDDR6X,12,GDDR6X,1501.9,https://www.pccomponentes.com/asus-rog-strix-geforce-rtx-3080-oc-gaming-lhr-12gb-gddr6x
